CREATE DATABASE Company;
SHOW DATABASES;
CREATE TABLE Departments (
    ID INT PRIMARY KEY,
    Name VARCHAR(255) NOT NULL
);
CREATE TABLE Employees (
	ID INT PRIMARY KEY,
    NAME VARCHAR(100) NOT NULL,
    SALARY DECIMAL(10,2) NOT NULL,
    Department_Id INT,
    FOREIGN KEY (Department_Id) REFERENCES Departments(ID)
);
CREATE TABLE Customers (
    ID VARCHAR(10) PRIMARY KEY,
    Name VARCHAR(255) NOT NULL,
    Address VARCHAR(255) NOT NULL
);
CREATE TABLE Products (
    ID INT PRIMARY KEY,
    Name VARCHAR(255) NOT NULL,
    Cost DECIMAL(10,2) NOT NULL
);
CREATE TABLE Orders (
    ID VARCHAR(10) PRIMARY KEY,
    Customer_Id VARCHAR(10),
    Product_Id INT,
    Amount INT,
    FOREIGN KEY (Customer_Id) REFERENCES Customers(ID),
    FOREIGN KEY (Product_Id) REFERENCES Products(ID)
);
SHOW TABLES;
ALTER TABLE Customers MODIFY ID VARCHAR(10);
CREATE TABLE Orders (
    ID VARCHAR(10) PRIMARY KEY,
    Customer_Id VARCHAR(10),
    Product_Id INT,
    Amount INT,
    FOREIGN KEY (Customer_Id) REFERENCES Customers(ID),
    FOREIGN KEY (Product_Id) REFERENCES Products(ID)
);
SHOW TABLES;
INSERT INTO Departments (ID, Name) VALUES
(1, 'IT'),
(2, 'Operations'),
(3, 'Human resources'),
(4, 'Accounting and Finance'),
(5, 'Research and Development (R&D)');
INSERT INTO Employees (ID, Name, Salary, Department_Id) VALUES
(1, 'Ahmed', 5000, 3),
(2, 'Mohamed', 4000, 1),
(3, 'Peter', 3000, 2),
(4, 'Clara', 6000, 4),
(5, 'Beeshoy', 7000, 4),
(6, 'Menna', 5500, 2),
(7, 'Gina', 9400, 3);
INSERT INTO Customers (ID, Name, Address) VALUES
('CI-001', 'Customer 1', 'Cairo'),
('CI-002', 'Customer 2', 'Cairo'),
('CI-003', 'Customer 3', 'Giza'),
('CI-004', 'Customer 4', 'Banha'),
('CI-005', 'Customer 5', 'Alex');
INSERT INTO Products (ID, Name, Cost) VALUES
(100, 'Product 1', 100.05),
(101, 'Product 2', 150.40),
(102, 'Product 3', 800.00),
(103, 'Product 4', 790.50),
(104, 'Product 5', 500.00),
(105, 'Product 6', 200.50);
INSERT INTO Orders (ID, Customer_Id, Product_Id, Amount) VALUES
('D-01', 'CI-002', 100, 5),
('D-02', 'CI-004', 101, 8),
('D-03', 'CI-004', 103, 4),
('D-04', 'CI-005', 105, 3);
SHOW TABLES;
SELECT * FROM Employees;
SELECT * FROM Products;







